houseNumber,street,town,city,postcode,firstName,lastName,carRegistration,carMake,carModel,carEngineSize
0,Monica,Maswarah,Xujiaqiao,,Joana,Dewitt,3GTU2YEJ3DG534882,Chevrolet,SSR,51.2
10697,Rutledge,Matamey,Hule,,Meryl,Ambrogioli,1G6DV1EP4E0975707,Honda,CR-X,49.7
217,Saint Paul,Sim,Santa Catarina Barahona,456022,Kerstin,Brunel,YV126MFC2F2735389,Volkswagen,New Beetle,67.6
548,Farwell,Shar’ya,Jiujie,157510,Siouxie,Lyness,TRUDD38J081739336,Lincoln,LS,99.8
31,Village,Sananrejo,Huaqiao,,Drew,Adanez,1G4HP52K834745940,Lincoln,Town models.Car,49.8
1,Trailsway,Xiaoshanzi,Tuban,,Sibbie,Kordas,5UXFG2C57DL268569,Nissan,Quest,92.1
00904,Merry,Bantuanon,Legok,6311,Farley,Tindall,1FMJK1G54EE327669,Eagle,Talon,2.7
8550,Eagle Crest,Cam Ranh,Were,,Lorinda,Austwick,WBAYB6C57DD031524,Maserati,Spyder,67.7
6409,Fremont,Xiacaoqiao,Gaomiaoji,,Huntlee,Chasle,4T1BD1EB8EU329649,Toyota,Supra,21.7
27819,Ramsey,Tanagara,Chulabhorn,,Humphrey,Mailes,WBAEN33464E486620,Mercedes-Benz,M-Class,97.9
17350,Morningstar,Hajnówka,Cernache do Bonjardim,17-201,Korrie,Cord,WVGAV3AX9DW769694,Jaguar,XK Series,16.8
1,Paget,Qujing,Mtubatuba,,Roze,Hollibone,5BZBF0AAXFN413554,Chrysler,300,44.3
29439,John Wall,Jiulong,Temblador,,Joline,Makepeace,WAUDG74F19N020971,Honda,Accord,80.5
4,Bluestem,Jiquinlaca,Dubăsari,,Berti,Ettles,WBAYF8C57FD237221,Ford,Taurus,5.0
7583,Waywood,San Carlos de Bolívar,Limón,6550,Riley,Hupka,1G6DP5EV7A0904771,Suzuki,Cultus,5.7
6812,Rieder,Huangshan,Kajaani,,Ly,Davenport,JM3TB2CV9F0447596,Acura,RL,71.0
942,Stuart,Kansas City,Manaloal,64136,Serge,Connah,1C4AJWAG9EL935281,GMC,Yukon,11.0
5,Hollow Ridge,Shouchang,Tanjungbatu,,Henrietta,Seifenmacher,WAUGL98E97A183488,Volkswagen,Jetta,67.9
01842,Blaine,Besançon,Alta Gracia,25086 CEDEX 9,Bev,Vyel,1FTSW3B58AE431463,BMW,X3,1.4
7952,Lakewood Gardens,Kuangshan,Labin,,Thayne,Lomaz,JH4CU2E63BC257633,Chevrolet,Express,65.6
0791,Ramsey,Guilherand-Granges,Orekhovo-Borisovo,07509 CEDEX,Calypso,Hockey,WP0AA2A99FS479588,Subaru,Legacy,87.0
5,Maple Wood,Podhum,Nyrkiv,,Dodie,Bullivent,1FBNE3BLXDD377273,Ford,Explorer,82.4
49,Walton,Hongqi,Ekpoma,,Upton,Errowe,3GYT4LEF1CG261809,GMC,Savana 1500,24.5
057,Maryland,Shanlian,Honglong,,Karolina,Petticrow,WDDGF4HB7CF949160,Volvo,V40,24.1
116,Graedel,Świdnica,Nanhu,66-008,Shani,Ginni,1G6DF5E50C0118302,Mercury,Cougar,43.0
606,Westport,Limoeiro do Norte,Qīr Moāv,62930-000,Oralie,McTurlough,1C4RDHEG6EC706704,Mitsubishi,Mirage,49.1
0346,Starling,Samayac,Qinshi,10009,Van,Danbrook,JN8AF5MR7FT180324,Toyota,Camry,99.1
10,Schlimgen,Ivry-sur-Seine,Jingchuan,94852 CEDEX,Brooks,Ralfe,1G6DJ577980594455,Saab,9000,33.8
6136,Towne,Xiangshui,Cabadiangan,,Patsy,Minghella,KM8JT3AB5DU510478,BMW,7 Series,2.4
2033,Quincy,Sokolo,Ma’an,,Aggie,Chilcott,2T1BURHE6EC699889,Jeep,Grand Cherokee,76.7
49,Prairieview,Piraju,Mangxing,18800-000,Florinda,Beardsworth,WAUKF98E18A772747,Hyundai,Genesis,58.2
42344,Grayhawk,Kasimov,N'Djamena,391360,Darby,Hawkeridge,NM0KS7AN9AT945726,Volkswagen,GTI,78.1
23,Moland,Dashu,Cileuya,,Lydia,O'Toole,WBALX3C52CD665428,Ford,C-MAX Hybrid,20.6
6,Hoard,Parksville,Belica,V9P,Othella,Ouldcott,1C4RDJAG9CC997001,Chevrolet,Express,92.1
0,Macpherson,Passo Fundo,Hongmei,99000-000,Melany,Seccombe,4T1BD1EB4EU545756,Chevrolet,Suburban 1500,53.8
4168,Green Ridge,Cajazeiras,Liuji,58900-000,Amii,Peltzer,5N1AR1NB7CC134254,Cadillac,DeVille,43.3
89855,Northridge,Queenstown,Węgrzce Wielkie,5330,Fanny,Degoix,1G6AY5SX1F0238553,Mercury,Monterey,15.8
70799,Monica,Ágios Spyrídon,Pyhäsalmi,,Keir,Ralfe,3N6CM0KN8EK527386,Isuzu,Ascender,71.6
8735,Nevada,Maintang,Sann,,Jeanine,Banham,1G6DJ8EY5B0895423,Isuzu,i-370,12.0
22502,Westend,Somita,Fenais da Ajuda,,Jeannie,Golsthorp,WD3PE7DC5F5716864,Ford,Bronco,52.5
741,Alpine,Jūrat ash Sham‘ah,Triesenberg,,Ettore,Yemm,5GAKRAED6CJ532501,Mazda,Mazdaspeed 3,59.6
4,Union,Beichengqu,Illushi,,Andrus,Babbe,WBA3D3C50EF081061,Toyota,Corolla,14.3
97,Doe Crossing,Pontevedra,Chigan,36156,Tate,Harkess,JTJBC1BA1A2672745,Ford,Mustang,44.1
15,Thierer,Leran,Zbytków,,Patrick,Tracy,WP0CA2A80ES168498,Dodge,Viper,82.0
735,Fremont,Augusto Corrêa,Nîmes,68610-000,Lionello,Stennes,1N6AD0CU8FN600460,Mitsubishi,Montero,64.0
4,Florence,Bahía Honda,Mongar,,Sebastian,Schlagman,WBANV93518C575279,Jeep,Patriot,80.9
695,Golf View,Jincheng,Novi Kneževac,,Valentijn,Emm,1FMJK1HTXFE546537,Honda,Crosstour,86.2
7114,Barnett,Spiczyn,Jiaxian Chengguanzhen,21-077,Brandise,O'Murtagh,WBALL5C58FP836533,Chevrolet,Impala SS,73.2
8,Roxbury,Haukipudas,Keda,90840,Kate,Osgerby,1G6DG577580960863,BMW,Z4,28.8
66,Nova,El Coco,Ar Ru’ays,,Florrie,Zecchinelli,WBAPL5G58BN838333,Toyota,Sienna,79.6
07,Springview,Kanluran,Kumberg,4107,Jo,Widdecombe,WBA3V5C5XEP859269,Kia,Sedona,75.6
09785,Anderson,At-Bashi,Dois Vizinhos,,Sigrid,Grove,19UUA65665A239425,BMW,M5,82.0
64,Dorton,Longquan,El Carmen,,Lynnett,Dufaur,WAUJGBFC6DN210962,Land Rover,LR3,33.3
1245,Huxley,Quisqueya,Bedford,11109,Catha,Roarty,3FADP0L35BR640121,Ford,Fusion,75.7
1383,West,Soio,Gävle,,Myrtia,Bartoszewicz,1FTEW1C84FK848923,Toyota,Avalon,88.7
40,Pearson,Yeyik,Nesovice,,Rickie,Brownett,2LMDJ6JK9DB443172,Mercedes-Benz,S-Class,77.2
44,Shasta,Bakan,Jami,,Tobit,Joules,JN1EY1AP4DM563036,Oldsmobile,Silhouette,20.0
8159,Arapahoe,Delareyville,Kālīganj,2776,Emmet,Weld,JTHBK1GG0D2644778,Lotus,Esprit,3.8
24449,Reinke,Kiuruvesi,Castanheira de Pêra,74701,Krispin,Dorwood,4JGBF2FB9AA615942,Ford,Crown Victoria,69.4
346,Portage,Palamadu,Calasgasan,,Tanitansy,Trevaskus,WAUVC58E43A683276,Mitsubishi,Precis,31.9
98268,Grover,Ash Shuqayrah,Nuevo Chamelecón,,Lorne,Jorat,WA1C8AFP3DA892626,GMC,1500,13.9
5210,Hoffman,Wanmao,Nybro,,Cammy,Crop,WBA3A9C52CF641591,Audi,S4,55.6
760,Ronald Regan,Tuzha,Daloa,612200,Friedrich,Pentycost,1N4AL3AP6EC865558,Ford,Econoline E250,73.3
004,Bultman,Arai,Montenegro,989-2463,Nanice,Baumann,5UXFA93506L519056,Nissan,300ZX,51.0
544,Surrey,Miyang,Warugunung,,Dawn,McSporon,YV4952CT5E1762040,Volvo,960,32.4
85,Emmet,Log,Muye,403060,Peadar,Mountney,WBAEJ13442A961170,Audi,90,25.4
7,Orin,Ake-Eze,Lushikeng,,Andie,Farraway,1FTKR1ADXBP173506,Mitsubishi,Pajero,55.2
156,Sherman,Kavajë,Jiguan,,Germain,Dee,1N6AA0CC5FN353639,Geo,Storm,78.6
8,Darwin,Glamoč,Cachoeira do Sul,,Melissa,Gauvain,KMHGH4JH7EU544607,Volkswagen,Touareg,65.4
7,Hermina,Capira,Jingling,,Fleming,Mapplethorpe,1D7RW3GK3BS385260,Pontiac,Sunfire,34.2
57651,Grim,Werangere,Pathum Thani,,Sherline,Ciottoi,WDDGF4HB8DR125040,Pontiac,Grand Prix,60.4
5,Kedzie,Yima,Dambulla,,Gary,Bordiss,5NPEB4AC0DH416025,GMC,Rally Wagon 3500,69.4
95926,Hansons,Cihaur,Niort,,Tiebold,Morgan,5J6TF1H32FL658856,Dodge,Viper,21.8
2327,Mallory,Shagedu,Riangwale,,Jorge,Khan,SCBZK22E52C221667,Suzuki,Verona,17.1
6,Portage,Zhangyelu,Valle de La Pascua,,Sydelle,Theze,WBAXG5C55CC889778,Dodge,Dakota Club,67.5
2325,Dapin,Karangnongko,Castelli,,Essa,Kordova,WAUEV94F28N099765,Mercury,Cougar,74.2
512,Talmadge,Juigalpa,Sande São Martinho,,Karin,Heyward,1C4RDHAG9EC362243,Aptera,Type-1h,7.0
062,Melvin,Antsohimbondrona,Raposeira,,Ivar,Peck,JN1CV6EK0EM826958,Honda,Accord,32.6
673,Laurel,Mianhu,Ganyesa,,Carleen,Eltringham,WAUDT48H26K896435,Nissan,Altima,63.1
48106,Elmside,Bajingzi,Sapucaia,,Patin,Fernley,JTDKDTB30C1539674,Mercury,Marauder,19.9
16,Crowley,Tertek,Guankou,,Euell,Libero,JTEBU5JR1F5949264,Volkswagen,Jetta,16.0
8600,Weeping Birch,Kota Kinabalu,Ptení,88592,Gayel,Mervyn,WVGFF9BP6BD972278,Acura,Vigor,47.7
40871,Caliangt,Bissen,Warmare,L-7794,Darrel,Ruff,1G6ET12931B777991,Chevrolet,Silverado 3500,61.6
72836,Ridgeview,Tysmenychany,Xindong,,Norbert,Ryburn,WAUXF98K29A078453,Eagle,Talon,85.7
37,Vera,Virginia Beach,Huixian Chengguanzhen,23454,Odo,Chillistone,WAUKF68E75A332641,Mitsubishi,L300,16.3
53251,Crownhardt,Nerópolis,Lumbatan,75460-000,Cob,Gerren,KMHDB8AE4BU622323,Isuzu,Rodeo,11.5
6,Kinsman,Cinco Saltos,Cortezia,8303,Silvio,Canty,WBAVL1C5XDV640393,Mercedes-Benz,E-Class,11.7
7,Lyons,Minneapolis,Nanhe,55441,Eben,Maestro,JN8AZ1MUXEW505890,Honda,Insight,2.1
1,Westerfield,Rathdrum,Liushi,V14,Melodee,Rippingall,2C3CDXJG5EH204449,Chevrolet,Astro,35.3
9605,Bellgrove,Tanggungrejo,Atalaia,,Eulalie,Cockran,KNDJT2A58D7565529,Mitsubishi,Galant,68.4
299,Darwin,Yongchang,Lang,,Jolynn,Woodson,1FADP3E28FL626823,Dodge,Dakota Club,56.3
40,Red Cloud,Rotterdam,Boavista,3094,Ula,Dominighi,2C3CCAAG7FH437413,Cadillac,Escalade ESV,50.1
03068,Pierstorff,Hînceşti,Holboo,MD-3401,Biron,MacAne,JM3TB2BV5D0892805,Pontiac,Grand Am,70.5
8685,Grover,Idvor,Ayang-ni,,Winonah,Leuren,2HNYD18275H199936,Mercury,Topaz,10.5
9156,Buena Vista,Ngurenrejo,Liuhe,,Josepha,Harriman,WA1DGAFE9CD368075,Porsche,Boxster,66.4
55,Utah,Rancharia,Santiago Atitlán,19600-000,Tuesday,Spadaro,YV1940AS1D1176741,Volkswagen,Beetle,69.3
10,Forest,Nogueira do Cravo,Daqiao,3400-455,Petr,McAdam,WAUKG78E05A999747,Infiniti,FX,33.9
35145,Florence,Roshal’,Talldaww,140732,Connie,Shadfourth,3MZBM1K73EM605337,Chevrolet,Camaro,70.8
86,Cascade,Gostagayevskaya,Tsuma,353400,Peri,Bidewell,1G4GA5EC2AF312651,Subaru,Forester,65.2
90433,Sunnyside,Nyaungdon,Pul-e Sangī,,Ronnie,Newgrosh,3VW117AU1FM631922,Lexus,SC,84.2
41353,Farragut,Yajiang,Jiyizhuang,,Mathias,Gobat,1C6RD7KP5CS586869,BMW,Z4,44.6
8,Mayer,Paranho,Wawrzeńczyce,4785-266,Jo,Bester,3GYEK628X7G913127,Porsche,911,58.7
08445,Karstens,Santa Elena de Uairén,Gaya,,Templeton,Handling,1G4GJ5G37CF455532,Pontiac,Bonneville,59.4
03,Northland,Kamenica,Lazarevskoye,,Andrea,Whittle,WAUCFAFC6FN509800,Dodge,Journey,48.9
7,Redwing,Severoural’sk,Šimanovci,624486,Jorey,Comini,1G6DJ8EV5A0571232,Buick,Rendezvous,86.0
25904,Hoepker,Kawagoe,Chwaszczyno,699-4502,Etta,Wharrier,1G6AM5S37D0921878,Holden,VS Commodore,89.7
8178,Di Loreto,Lumbang,Podedwórze,4014,Hector,Gaitskell,2D4RN5DG3BR029193,Dodge,Durango,26.0
1964,Westport,Samboan,Tangerang,6027,Vasilis,Arbuckel,1C3BCBGG0DN755662,Acura,Legend,65.2
19,Kim,Emiliano Zapata,Hongguang,61607,Austine,Sattin,1G6DA67V190948734,Chevrolet,Corvette,28.9
554,Kingsford,Kapuskasing,Girona,P5N,Kamillah,Errichi,ZFBCFADH9EZ274434,Pontiac,Bonneville,31.3
9213,Fisk,Stockholm,Paris 08,118 20,Gilly,Froggatt,2T1BU4EE6BC827308,Honda,Accord,78.8
25,Duke,Limoeiro do Norte,Hefu,62930-000,Randie,Hunday,WBAPM73579E086794,Nissan,Maxima,35.4
3212,Paget,Curanilahue,Armenia,,Kenn,Flanders,1G6AH5R33E0030885,Hyundai,XG350,52.4
559,Rutledge,Wujing,Dudchany,,Cindie,Raithbie,2G61S5S32D9726511,BMW,X5,67.9
41863,Clove,Bauang,Majingklak,2501,Court,Olliar,SCFAB02A77G287005,Ford,Festiva,1.8
20,Maryland,Majiao,Alvarães,,Fan,Debney,2G4WB55K711424739,Ford,Thunderbird,59.4
4019,Brentwood,Guadalupe,Paris 17,52107,Delano,Hegg,WBAAV53491F702962,Mercury,Mountaineer,80.4
80,Hoepker,Shamva,Kadipaten,,Katha,Stanhope,WBA3B3C56DJ453374,Mazda,Tribute,48.7
8659,Boyd,Mosta,Bhātpāra Abhaynagar,MST,Gauthier,Frankowski,1GYFC66808R587867,Mazda,MX-6,65.9
2106,Brentwood,Pasinan Barat,Legrada,,Lyn,Pietrasik,19UUA9F51DA895974,Nissan,350Z,52.5
3228,Truax,Hägersten,Tabasalu,126 36,Kelsi,Dainton,1G6KF54962U243758,Mazda,RX-7,48.9
87685,Sloan,Bayangol,Shaochang,671945,Park,Eckly,WA1VMBFE5ED107368,Oldsmobile,Bravada,69.0
6,Parkside,Wojsławice,Lucerna,22-120,Fred,Romer,KNADM4A31E6437710,Toyota,Previa,83.5
8,Troy,Lipovci,Pedinó,9241,Godwin,Heliet,4T1BF1FK3FU509096,GMC,Sierra 2500,55.2
3,Claremont,Port Harcourt,Goiana,,Vanna,Titlow,JM1DE1KY6E0215465,Chevrolet,3500,65.5
70526,Schlimgen,San Diego,Guinsang-an,92132,Dorine,Barti,SCBDR33WX8C818938,Pontiac,Montana SV6,29.3
11,Cardinal,Phitsanulok,Castrovirreyna,65000,Sybilla,Obell,WA1VKAFP9AA105121,Chevrolet,Silverado,34.9
5,Londonderry,Sete Lagoas,Saint-Brieuc,35700-000,Clary,Pilgram,1N4AA5AP6DC967572,Acura,RL,11.4
41657,Dixon,Benoni,Lutou,1527,Cassandre,Messam,3D73Y4CL0AG845775,Ford,Econoline E350,41.8
7102,Del Sol,Zhujiatai,Karangintan,,Antonius,Scrivens,WBAWC33557P337966,Kia,Sedona,54.8
73,Dwight,Sinabang,Ojiya,,Buddie,Stagg,3VWF17AT5FM600332,Ford,Mustang,91.3
2862,Carioca,Diaofeng,Kokubunji,,Anstice,Gilkison,5TDDK3DC0CS661191,Ford,Fusion,5.6
5,Di Loreto,Zavolzh’ye,Ústí nad Labem,606525,Regan,Hastings,WAURFAFR9DA941400,Jeep,Commander,77.5
52801,3rd,Getung,Tongqing,,Lenee,Necrews,WBAHN83577D759402,BMW,M3,18.7
25,Spaight,Njivice,Manis Mekarwangi,51512,Lacy,Gatfield,WAUVFAFR8AA981963,Land Rover,Range Rover,80.6
23578,Lyons,Shuiji,Leles,,Isis,Golbourn,WBA3N5C57EF334921,Buick,Century,91.9
209,Kropf,Bangued,Saubara,2800,Alyosha,Andrich,1FTEW1C83AF227643,Subaru,Impreza,69.8
756,3rd,Gutang,Pajung,,Godfrey,Pucker,1G6DL8EV3A0054828,Buick,LeSabre,75.2
024,Golf Course,Weichanglu,Ptghunk’,,Herb,Martino,2T1KU4EE1DC795175,Nissan,Maxima,74.7
16510,Thackeray,Yasnyy,Macarse,462781,Filia,McKitterick,WAUSH78E56A832752,Infiniti,J,19.2
325,Kedzie,Noginsk,Montpellier,601231,Debera,Sapseed,3VWML7AJ2CM368204,Pontiac,Firebird Formula,14.8
7807,Birchwood,Bulembu,Rędziny,,Milt,Bracknell,SCBGU3ZA6EC133483,Nissan,300ZX,77.7
556,International,Echeng,Pontal,,Miltie,Grisdale,1FMEU2DE6AU053395,Toyota,Corolla,31.1
728,Hansons,Boca de Parita,Sapphaya,,Kristi,Dorre,WBABN33452J566613,Audi,riolet,37.1
93133,Victoria,Tireman Timur,Muang Pakxan,,Shelton,Cantos,WBAFR1C56BD580716,Mitsubishi,Pajero,77.5
084,Crowley,Kirawsk,Xuetian,,Gregoire,Machans,2C3CDXCTXEH722860,Chevrolet,Volt,63.2
25076,Valley Edge,Kota Kinabalu,Keyinhe,88610,Yank,Dando,2C4RDGCG3ER263092,Honda,Civic,6.5
06,Grim,Qijiaxi,Nankeng,,Nehemiah,Toner,JHMZF1C65FS566128,Infiniti,Q,34.4
44,Merrick,Enskede,Ipoh,122 66,Thorpe,Darbishire,5UXFG8C58DL560072,Ford,F350,98.6
984,Main,Lefkímmi,Netolice,,Helenelizabeth,Triswell,1N6AA0CC1EN651507,Volvo,S40,27.3
6908,Dorton,Ferrol,Hufeng,5506,Galvan,Hoggan,WAUEF78E98A722115,Oldsmobile,Bravada,28.4
618,Mallory,Ambam,Gaokan,,Hugo,Josselson,1FTWX3B5XAE548881,Acura,Integra,15.4
8249,Cordelia,Jianshe,Marka,,Langsdon,Spriggen,WAUBF98E28A852302,Daewoo,Nubira,94.8
998,Duke,Shilong,Mbigou,,Franz,Ciepluch,KMHHT6KJ3FU793178,Maserati,Gran Sport,36.9
19942,Melvin,Dibba Al-Fujairah,Erdu,,Phebe,Matveiko,SCFAB01A66G115659,Buick,Century,97.0
78910,Buena Vista,Rodnikovskaya,Wolanów,357565,Giulietta,Fee,WBA3T3C58EJ170649,Oldsmobile,Achieva,95.1
7,Lakewood Gardens,Iwase,Dūāb,948-0212,Valina,Prazer,1FTEX1CMXBK662548,Chevrolet,Equinox,33.0
45,Cody,Majia,Sępólno Krajeńskie,,Justino,Bolliver,1ZVBP8AM6E5894341,Nissan,Maxima,79.2
1,Randy,Muurla,Rovnoye,25130,Tony,Millier,WAUPL68E54A533239,Bentley,Continental GTC,96.8
40,Havey,Ilinden,Boyarka,1041,Noemi,Pumfrey,WAUMF98K29N122656,GMC,Acadia,92.3
11,Leroy,Kokaj,Nuoxizhi,,Fraser,Kliemann,1G4HP52K434821654,Eagle,Premier,80.3
57,Commercial,Bairro Assunção Piedade,Pa Mok,2950-542,Benny,Mathivat,WAULC58E94A262047,Chevrolet,Prizm,69.8
774,Sutherland,Malgobek,Corani,386340,Zaccaria,Dimock,19UUA9E53DA715606,Nissan,Pathfinder,16.1
18,Reinke,Bangkok,Laocheng,11130,Davide,Letherbury,2HNYD28338H882428,Mitsubishi,Outlander Sport,48.1
1,Northview,Xiluo,Besançon,,Brittne,Antony,1D4RE2GG5BC095702,Lotus,Exige,30.2
19308,Service,Bijia,Palkovice,,Clotilda,Zavittieri,1N4AL2AP9BN227170,Mercedes-Benz,E-Class,7.5
7303,Scott,Bitaogan,Hikkaduwa,4125,Delmar,Yanin,WBADX1C56BE363271,Toyota,Previa,37.5
0,Bashford,Maralik,T’et’ri Tsqaro,,Aldric,Lang,WBAPN73569A566412,Toyota,MR2,68.8
63176,Doe Crossing,Taltal,Świebodzice,,Melisent,Faich,WAU3GBFC5DN355841,Chevrolet,Suburban,63.3
79,Merchant,Itaporanga,Tojeira,18480-000,Becki,Reaveley,WAUAF78E87A748489,Honda,Pilot,93.7
228,Hudson,Diriá,Dū Laīnah,,Cindelyn,Jupp,2HKRM3H30EH459681,Nissan,Cube,61.1
5833,Hagan,Ceelbuur,Montreuil,,Sydney,Atcherley,JM3TB2BV4E0976597,Chevrolet,Equinox,69.0
55767,Bluejay,Naḩḩālīn,Dazhangzhuang,,Alley,Gillott,WAU3VAFR9BA534053,Acura,Legend,96.5
21952,Birchwood,Sakharovo,Andramasina,613840,Doralynne,Dunbar,1G4HD57218U811107,Volvo,XC70,30.5
5,Loftsgordon,Malhiao,Tanbu,6032,Alida,Yabsley,WAUSF78E98A572784,Hyundai,Genesis,74.5
669,Lakewood Gardens,Acaraú,Ishikari,62580-000,Flo,Josowitz,137ZA84391E987714,Ford,E250,30.8
4900,Upham,Xilin Hot,Bierawa,,Farlee,Culley,WAULK78K69A988847,Saturn,Aura,43.2
4707,Pankratz,Gawanan,Taiping,,Goldie,Piggrem,JTHBP5C20D5262350,Ford,F250,23.1
2408,Veith,Puyang,Sotnikovskoye,,Esme,McCart,JTDJTUD36ED515690,Mitsubishi,Pajero,88.9
2,Elgar,La Sabana,Garden Grove,,Bride,Perkin,1G6EL12Y91B640254,Chevrolet,Sportvan G30,86.5
647,Burrows,Ivanava,Pragen Selatan,,Nerissa,Guerrier,JTHSE5BC0F5733805,Infiniti,G,89.6
04,Forest Dale,Kulaman,Taiping,3332,Sidonnie,Latchmore,JN1CV6EK6FM346747,Pontiac,Vibe,42.3
87,Scott,Chumphon,Nasielsk,30440,Ardeen,Ridpath,5UXKS4C59E0455601,Volkswagen,GTI,78.6
34667,Oak Valley,Prámanta,Łęki,,James,Dow,JH4DC43541S267413,Chevrolet,Caprice,95.1
231,Carey,Rawson,Santo Niño,9103,Daisy,Marrett,5NPEB4AC0BH752058,Chevrolet,Sportvan G10,15.8
4744,Little Fleur,Lamadelaine,Napak,L-4888,Catlin,MacLaig,1D7RB1GKXAS470935,Ford,Bronco,5.5
4584,Spenser,Gandra,Jinshanpu,4750-402,Latrina,Baitey,3C6TD5ET7CG174253,Mazda,Familia,20.0
3,Farragut,Montasik,Stockholm,,Ava,Sutherland,3FA6P0PU0ER717719,Jeep,Wrangler,8.4
43898,Burning Wood,Lepoglava,Lhabupu,42250,Clarie,Dring,1C3CDFEB6FD151607,Chevrolet,Camaro,37.6
56780,Amoth,Aiguo,Gala,,Mohandis,Lambdon,WAUEF48H17K607025,Porsche,911,35.5
14887,Butternut,Kiruna,Nzega,981 22,Franky,Ipgrave,4USDU53477L026390,Holden,VS Commodore,14.2
14,Donald,Milano,Bremen,20125,Dorette,Farncomb,1G4GC5ER8CF761690,Kia,Spectra,70.3
05,Lien,Hoolt,Bassa,,Ambur,Clears,3D7TP2CT8BG386407,Lexus,ES,79.2
0,Pine View,São Roque,Sulahan,9500-701,Pebrook,Rhys,JN8AZ2NC0E9782610,Porsche,911,71.8
92364,Sloan,Vishnyeva,Seidu,,Allyson,Sacks,SCBBP93W49C453545,Volkswagen,Type 2,14.6
25766,Crest Line,Créteil,Anjani Barat,94946 CEDEX 9,Sandy,Clowsley,1G6DN57S540968739,Toyota,4Runner,53.3
688,Moulton,Salon-de-Provence,Lawesigalagala Timur,13662 CEDEX,Aundrea,Clack,3GTU2YEJXBG533368,Chevrolet,Aveo,18.3
1844,Golf Course,Bentiu,Gardēz,,Thorpe,Hurran,1G6KD57Y39U700710,Ferrari,458 Italia,32.3
149,Eliot,Changcun,Mashizhai,,Appolonia,Cafe,1FTEW1CM5CF602903,Pontiac,Sunbird,18.7
69,4th,Sidi Yahya Ou Saad,Avelar,,Gill,Monnelly,5TDBY5G1XBS346554,Eagle,Talon,25.2
02786,Pearson,Markog,Jetis,,Ham,Bowbrick,1FTEX1C80AF727630,Chevrolet,Corvette,32.2
595,Shelley,Cunliji,Imari,,Benjamin,Camillo,WBAEH13456C161998,Suzuki,X-90,6.7
0524,Talmadge,Kungur,Spitak,663140,Miguel,Bamforth,WAUKH78E37A035840,Ford,Bronco,3.8
0,Scoville,كاف الجاع,Zuogaimanma,,Nevil,Kellert,YV126MEC1F1044104,Dodge,Dakota Club,49.6
419,Everett,Nagbacalan,Xiaji,2902,Berget,Coad,1GKS1FEJ3CR806557,Lexus,GS,83.7
91127,Merchant,Bamiantong,Baltimore,,Chalmers,Gallyon,2G61N5S31E9044857,Kia,Rio,36.6
8413,Waywood,Tyret’ Pervaya,Diang,666330,Dominique,Roundtree,1GYS3BEFXER211308,Acura,TL,93.2
808,Pennsylvania,Warin Chamrap,Chouto,76110,Joelynn,Cheal,3D7JV1EP1BG323091,Mitsubishi,Starion,37.6
9584,Ramsey,Višnjićevo,Tōgane,,Jakob,Amiable,SCBLC47J49C992748,Aston Martin,Rapide,65.0
2006,Clove,Phra Nakhon Si Ayutthaya,Khadyzhensk,13120,Dominique,Coton,WBAYA6C54DC529687,Acura,NSX,13.4
4835,Victoria,Villa Verde,Atsugi,3605,Meris,Delort,WP0AB2A9XFS733824,GMC,Jimmy,76.4
9468,Eastwood,El Cerrito,Naḥf,763528,Korry,Klulicek,5GAKVCKD1DJ803672,Toyota,RAV4,21.1
45,Chive,Ganxi,Aughrim,,Boycie,Walisiak,WBAPK53529A179790,Audi,A4,94.9
01275,Waywood,Ágios Andréas,Huangpi,,Seline,Ainsley,1G4HJ5EM7BU994727,Lamborghini,Gallardo,7.0
30,Meadow Vale,Toba Tek Singh,Murowana Goślina,50700,Harv,Keyson,WBAUL73558V576722,Oldsmobile,Bravada,20.2
2928,Harper,Nasīrābād,Kertosari,77020,Kippy,Murrey,SAJWA4DB2DL039219,Porsche,Cayman,38.3
9,Linden,Wuyang,Horta,,Janaye,Olijve,2HNYB1H2XAH180250,Lincoln,MKZ,41.5
59244,Sutteridge,Kumamoto,Madoi,802-0044,Geno,Beri,1N6AD0CWXEN501834,GMC,Envoy XUV,93.1
695,Maywood,Roche-à-Bateau,Ilebo,,Sidonia,Curteis,3C3CFFDR9DT775451,Honda,Ridgeline,4.5
84,Superior,Châteaurenard,Ar Rujum,13834 CEDEX,Nomi,Chretien,KMHDB8AE4BU266598,Ford,E150,64.5
01663,Kensington,Itapé,Spétses,,Perri,Knibb,1G6DM577X90657331,Plymouth,Acclaim,47.7
21565,Bultman,Orekhovo-Borisovo Severnoye,Kampong Cham,142717,Eada,Battelle,3VWJP7AT8CM100721,Cadillac,STS-V,4.5
8711,Fallview,Santiago del Torno,Bastia,,Raimondo,Bims,1FMJU1F5XAE756806,GMC,Savana 2500,39.6
6769,International,Monastirákion,Longtang,,Barty,Gerritsma,1C3BCBGG7DN846623,Honda,Odyssey,59.2
09781,Gina,Fatikchari,Lijia,4355,Leigha,Banaszewski,WBADS43441G980310,Mercedes-Benz,SLR McLaren,43.9
4048,Dorton,Imġarr,Uubulan,ZBG,Nalani,Bullivant,WAUEF78E18A118946,Ford,Explorer Sport Trac,86.7
88172,Waywood,Longxi,Al Qurayn,,Morgen,Cay,YV1672MK6C2591418,GMC,Savana 2500,55.4
65217,Golden Leaf,Kořenov,Vân Tùng,468 49,Mathe,Outibridge,WBA1K5C54FV823980,Chrysler,Sebring,38.1
35,Dapin,Yanggu,Sawangan,,Yvonne,Bromwich,1G6EC12912B694965,Land Rover,Defender,12.0
725,Ridge Oak,Xiong’erzhai,Bobonan,,Valdemar,Tarn,5FRYD3H63FB430518,Pontiac,Firefly,35.4
9163,Saint Paul,Bangbayang Kaler,Suisan,,Holly,Hawkswood,WAUSGAFC2CN446490,Lamborghini,Murciélago,4.1
564,Fairfield,Trudobelikovskiy,Yangxipu,353810,Luce,Thomasset,JH4CU2F83CC311241,GMC,Vandura 1500,86.0
1781,Hallows,Shar’ya,Dagou,157510,Derwin,McCaig,WP1AA2A26EL265780,Volkswagen,Passat,49.6
6478,Acker,Monastyrishche,Wiri,692380,Kennan,Wraight,1GTN1TEH8EZ072165,Chrysler,New Yorker,34.2
20,Loeprich,Jimaguayú,Paraparaumu,,Broddy,Skey,KNAFK4A67E5159586,Audi,S4,75.3
93,Claremont,Liběšice,Şūr,506 01,Marysa,De Michetti,WA1YD54B03N868582,Daewoo,Lanos,10.2
67965,Starling,Kanie,Jinping,498-0062,Agata,Lockhart,2G61T5S37D9756150,Buick,Regal,35.0
25,Corben,Padre Burgos,Jinping,6602,Esmaria,De Lacey,1FTSS3ELXAD464976,BMW,X5,33.2
2,Spohn,Konso,San Francisco,,Neale,O' Scallan,JN1BY0AP7AM735424,Scion,xD,44.5
77547,Tony,Zouérat,Duyên Hải,,Renell,MacEvilly,2B3CA4CD9AH944698,Kia,Sephia,93.6
53607,Kropf,Quebradas,Kunshan,,Avigdor,Duckworth,5GADT13S942851995,MINI,Clubman,70.5
3,Tennessee,San Antonio,Lazaro Cardenas,78205,Cheri,Pratchett,1FTEX1E81AF557758,Dodge,Stratus,18.7
24697,Bartelt,Doong,Shache,3313,Prudence,Whitters,1G6DH8EG2A0264355,Chrysler,Concorde,79.1
305,Mccormick,Tilburg,Salam,5034,Wrennie,Quick,2T3BF4DV4AW269698,Infiniti,G,41.3
3248,Maywood,Shibukawa,Stockholm,979-1451,Evie,Bispo,JN1BY0AP6AM952169,GMC,Sierra,44.8
8272,Kings,Riangbao,Cam Ranh,,Lodovico,Collinwood,WAUMFAFLXCN808352,Mazda,Mazda6,67.3
45681,School,Nao,Shelopugino,,Julietta,Heibl,WAUAH68D51A842588,Dodge,Ram Wagon B150,46.7
21646,Jenna,Pita Kotte,Nizhniy Ufaley,10600,Norri,Satyford,5GAKVBED4CJ257356,BMW,5 Series,8.3
072,Independence,Visby,Şaḩam,621 46,Asher,Philpot,WBAKE5C55DJ553318,Nissan,Pathfinder,92.0
82,Delladonna,Mengxingzhuang,Matriz de Camaragibe,,Fabien,Sam,SALVN2BG9DH176817,Chevrolet,Tahoe,36.9
9859,Monica,Passo Fundo,Guchang,99000-000,Bryant,Gilks,1GYFC13299R127174,Mitsubishi,Diamante,8.2
88140,Stephen,Chão,Bogolyubovo,4990-565,Edmon,Candlish,SAJWA4EC3BM127534,Chevrolet,Tahoe,25.6
8025,Hanover,Krajan,Kwakoa,,Prentice,Wayman,1C4RDHDG5DC743209,GMC,Savana,77.6
27,Saint Paul,Sosándra,Shigu,,Emlynn,Banford,3C6TD5CT9CG825255,Mercedes-Benz,300SE,61.7
95,Meadow Valley,Lac La Biche,Vichadero,E1W,Jordain,Prosek,KNALN4D77E5408838,GMC,Envoy,32.5
818,Fair Oaks,Arras,Gyumri,62972 CEDEX 9,Cchaddie,Chislett,2FMDK4GCXAB435958,Ford,Expedition,76.2
64214,Swallow,Pantalowice,Kawalimukti,37-224,Gradey,Whittington,JTDZN3EU5EJ714133,Lotus,Esprit,82.9
01574,Redwing,Boulaouane,Kidangbang,,Abbie,Bracknall,1N6AD0CW8FN874713,Ford,Escort,50.1
696,Dunning,Haputale,Temryuk,90160,Margery,Currer,JN8CS1MU5DM926357,Land Rover,Range Rover,29.0
154,Huxley,Venlo,Lianyi,5914,Hetty,Plumridge,WBAEV53403K326065,GMC,Envoy,76.3
9633,Tomscot,Mailag,Hostomice,1602,Lida,Cromarty,JTJHY7AX2D4874975,Oldsmobile,Bravada,62.3
501,Aberg,Columbus,Frankfort,31914,Alysia,Gallgher,SCBLC31E51C139155,Kia,Spectra,63.3
690,Gateway,Sölvesborg,Gorzkowice,294 95,Beryle,Belk,4T1BF3EK5AU015490,Ford,Escort,35.8
8648,Derek,Bureng,Zimmi,,Doll,Coghlan,WBS3R9C5XFF703215,Pontiac,Grand Prix,65.7
5,Mcbride,Almeria,Masaya,6544,Abbe,Reitenbach,3D7TT2HTXBG650781,Mercedes-Benz,SL-Class,56.1
75424,Susan,Cibiru,Gujiadian,,Juditha,Lieb,3N1AB7AP5FL776528,Dodge,Ram Van 2500,38.3
9,Dawn,Carolina,Sidu,1185,Brand,Assiratti,KNADH4A33A6196506,Audi,V8,48.3
40,Jana,Cibojong,Florence,,Phip,Denes,JTHBL5EF5F1723175,Buick,Roadmaster,63.7
7143,Northport,Turba,Washington,,Diandra,Gent,1G6DJ5EY8B0987642,Toyota,Tacoma,89.6
293,Meadow Ridge,Taksimo,Zhukovskiy,671560,Felicia,Duffin,1FTSF3B53AE485186,Dodge,Viper,71.5
02583,Superior,Santa Catarina,Makueni,2500-772,Karly,Minards,JTMHY7AJ9F4902756,Chrysler,PT Cruiser,54.9
11,Beilfuss,Hukou,Ban Mai,,Yehudit,Pesak,2G4GZ5GVXB9368130,Pontiac,Vibe,5.6
427,Ridge Oak,Avon,Praia,77214 CEDEX,Fernandina,Briffett,5FRYD4H25FB507960,Jeep,Wrangler,91.8
4,Melrose,Saraqinishtë,Doro Oo,,Dedra,Juszczak,JHMFA3F29BS570988,Mercury,Cougar,18.3
6317,Dapin,Vân Đình,Mangdang,,Madalena,Blatherwick,WAUNF98P77A977230,Scion,xB,77.5
4,Melby,Praia da Vagueira,Bergville,3840-272,Brewer,Mewton,1G6AR5SX1F0064481,Porsche,Cayman,1.8
68273,Heffernan,Xingdian,Paris 05,,Ivette,Meak,WAUMGBFL9CA158794,Mercedes-Benz,G-Class,61.5
523,Prairieview,Älvängen,Ape,446 38,Marsha,Howling,WP0CB2A86FS192979,Ford,F-Series,89.3
042,Starling,Linshe,Anhai,,Hobey,Gapp,WA1WMBFE9CD180499,Mitsubishi,Truck,33.0
9152,Corben,Balaoang,Kosai-shi,2509,Adan,Magister,3D4PH9FGXBT376567,Audi,S4,16.4
14789,Jana,Dagang,Skuodas,,Laryssa,Trembley,WAUAGAFDXDN762886,Mitsubishi,Eclipse,85.6
05439,Briar Crest,Songying,Montgomery,,Witty,Klageman,19UUA56683A852975,Lexus,RX Hybrid,33.1
18236,Lake View,Casma,El Dividive,,Calida,Benardet,YV126MFB0F2137499,BMW,7 Series,77.1
35053,Redwing,Strasbourg,Spirit River,67039 CEDEX 2,Alyssa,Crier,WBA3F9C53EK996331,Chrysler,300M,11.9
0,Anthes,Moravský Beroun,São Paio Merelim,793 05,Florri,Brandes,3VWC17AU3FM517770,Subaru,Outback,12.3
813,Holy Cross,Yangambi,Tandahimba,,Torey,O'Connolly,WAUML64B83N504503,Honda,Pilot,82.6
331,North,Basseterre,Joliet,,Tresa,Andrioletti,1N6AF0KX2EN391124,Aptera,Type-1h,34.1
47,Farragut,Zhangatas,Jiukou,,Charlotte,Stoacley,5GAKVDKD9DJ019083,Bentley,Azure,60.2
758,Montana,Marseille,Rentian,13456 CEDEX 13,Dalton,Carletti,WAUJT68E63A587914,Pontiac,Grand Am,42.0
4,Little Fleur,Calheta de Nesquim,Wanbu,9930-025,Modesty,Limb,WAUDL74F16N046834,Dodge,Ram Wagon B350,41.2
4363,American,Santa Lucía,Oslo,,Gale,Glen,WAUAT48H05K137154,Nissan,Pathfinder,8.9
89,La Follette,Rovira,Rochester,733048,Janela,Fair,2G4WS52JX41700055,Saturn,S-Series,97.1
122,Mallory,Lipie,Ji’an,42-165,Christal,McKeefry,3N1CN7AP5DL247013,Jeep,Commander,9.6
98,Larry,Donim,Volodars’k-Volyns’kyy,4805-178,Madalyn,Lillywhite,1HGCR6F32EA168412,Ford,Fiesta,28.0
9,Warner,Baishuiyang,Costa Nova do Prado,,Clovis,Sebyer,1FTEW1C89AF948100,GMC,Savana 1500,49.4
8264,Dawn,Bosobolo,Umi,,Xaviera,Fellona,5UXFG8C54CL130456,Dodge,Dakota,41.1
17762,Farragut,Kletek,Nacaome,,Reuben,Caghy,5FNRL5H24CB597077,Chrysler,Imperial,61.0
28134,Jackson,Mont-Dore,Bous,98810,Juliann,Booeln,2G4GR5EK8C9954092,Dodge,Viper,63.2
89,Fisk,Dadong,Tamatam,,Frans,Geillier,2FMPK3K93FB010673,Ford,Focus,69.2
00,Roxbury,Sharga,18 de Marzo,,Alecia,Exrol,JN1AV7AP0FM194821,Chevrolet,Avalanche 1500,14.1
